Nazev;Cena [Kè];Kapacita [GB];Kè/TB;Popis;URL
WD Ultrastar DC HC310 7K6 4TB;5304,00;4000,00;1326,00;"Interní HDD / Kapacita 4000 GB / 7 200 otáèek / Cache 256 MB / Specifikace SCSI / Formát Klasickı - 3.5"" Interní / Rozhraní SAS III (12 Gbit/s) / JBOD, NCQ, RAID, RoHS / Kov / Záruka 60 mìsícù";https://www.mironet.cz/wd-ultrastar-dc-hc310-7k6-4tb-hdd-35quot-sas-12gbs-7-200-rpm-512e-se-p3-256mb-cache-pro-nas+dp443307/
"Lenovo TS server disk, 3,5"" - 4TB";8207,00;4000,00;2051,75;"Magnetickı disk urèenı pro vybrané servery Lenovo ThinkSystem. Nabízí kapacitu 4 TB a má velikost 3.5"". K pøipojení se serverem vyuívá rozhraní SATA 12 Gb/s. Dosahuje rychlosti a 7200 ot/min. Monost vımìny disku za chodu serveru (hot-swap). Provoz 24x7.";https://www.czc.cz/lenovo-ts-server-disk-3-5-4tb/240338/produkt
"WD Ultrastar DC HC510, 3,5"" - 8TB";13181,00;8000,00;1647,62;Kvalitní pevnı disk pro vyuití v datovıch centrech, velikost 3,5“, kapacita 8 TB, rozhraní SAS 12 Gb/s, vyrovnávací pamì 256 MB, pokroèilé formátování 512e, MTBF 2,5 milionu hodin.;https://www.czc.cz/wd-ultrastar-dc-hc510-3-5-8tb_2/263924/produkt
"Seagate Exos X18, 3,5"" - 18TB";11390,00;18000,00;632,78;Vıkonnı disk podnikové úrovnì nejen pro cloudová úloištì, velikost 3,5“, kapacita 18 TB, rozhraní SAS 12 Gb/s, 7 200 ot./min., rychlost pøenosu dat a 270 MB/s, vyrovnávací pamì 256 MB, pokroèilé formátování 512e/4kN.;https://www.czc.cz/seagate-exos-x18-3-5-18tb/299848/produkt
"Toshiba MG09SCA18TA, 3,5"" - 18TB";14887,00;18000,00;827,06;Kvalitní Enterprise HDD plnìnı heliem, formát 3,5“, kapacita 18 TB, rozhraní SAS 12 Gb/s, otáèky 7 200 RPM, vyrovnávací pamì 512 MB, pokroèilé formátování 512e.;https://www.czc.cz/toshiba-mg09sca18ta-3-5-18tb/325186/produkt
"HPE server disk 4TB/SAS/7.2K/3.5""/LFF";8328,00;4000,00;2082,00;"Kvalitní serverovı disk, pro servery HPE, kapacita 4 TB, rozhraní SAS 12Gb/s, formát 3,5"" (LFF), rychlost 7200 ot./min., digitálnì podepsanı firmware";https://www.czc.cz/hpe-server-disk-4tb-sas-7-2k-3-5-lff/296096/produkt
WD Ultrastar DC HC510 (He10) 10TB;6960,00;10000,00;696,00;"Interní HDD / Kapacita 10000 GB / 7 200 otáèek / Cache 256 MB / Specifikace SCSI / Formát Klasickı - 3.5"" Interní / Rozhraní SAS III (12 Gbit/s) / Advanced Format, NCQ, RAID, RoHS / Kov / Záruka 60 mìsícù";https://www.mironet.cz/wd-ultrastar-dc-hc510-he10-10tb-hdd-35quot-sas-iii-7200-rpm-256mb-cache-512e-5y+dp443255/
"WD Ultrastar DC HC550, 3,5"" - 18TB";14972,00;18000,00;831,78;Kvalitní pevnı disk pro vyuití v datovıch centrech, velikost 3,5“, kapacita 18 TB, rozhraní SAS 12 Gb/s, vyrovnávací pamì 512 MB, pokroèilé formátování 512e, MTBF 2,5 milionu hodin, Self-Encrypting Drive.;https://www.czc.cz/wd-ultrastar-dc-hc550-3-5-18tb_2/297392/produkt
WD Ultrastar DC HC510 (He10) 10TB;9075,00;10000,00;907,50;"Interní HDD / Kapacita 10000 GB / 7 200 otáèek / Cache 256 MB / Specifikace AHCI / Formát Klasickı - 3.5"" Interní / Rozhraní SAS III (12 Gbit/s) / Advanced Format, JBOD, NCQ, RAID, RoHS / Kov / Záruka 60 mìsícù";https://www.mironet.cz/wd-ultrastar-dc-hc510-he10-10tb-hdd-35quot-sas-iii-7-200-rpm-256mb-cache-4kn-ise-5y-pro-servery+dp442160/
"WD Ultrastar DC HC510, 3,5"" - 8TB";10640,00;8000,00;1330,00;Kvalitní pevnı disk pro vyuití v datovıch centrech, velikost 3,5“, kapacita 8 TB, rozhraní SAS 12 Gb/s, vyrovnávací pamì 256 MB, pokroèilé formátování 512e, MTBF 2,5 milionu hodin, self-encrypting drive.;https://www.czc.cz/wd-ultrastar-dc-hc510-3-5-8tb/263925/produkt
"KIOXIA MG06SCA800A, 3,5"" - 8TB";9999,00;8000,00;1249,88;Kvalitní Enterprise HDD, formát 3,5“, kapacita 8 TB, rozhraní SAS 12 Gb/s, otáèky 7 200 RPM, rychlost pøenosu dat a 230 MB/s, pokroèilé formátování 4Kn.;https://www.czc.cz/kioxia-mg06sca800a-3-5-8tb/274216/produkt
Rozbaleno - Seagate Exos 7E8 8TB;5999,00;8000,00;749,88;"Interní HDD / Kapacita 8000 GB / 7 200 otáèek / Cache 256 MB / Specifikace AHCI / Formát Klasickı - 3.5"" Interní / Rozhraní SAS III (12 Gbit/s) / JBOD, NCQ, RAID, RoHS / Kov";https://www.mironet.cz/rozbaleno-seagate-exos-7e8-8tb-hdd-35quot-sas-12gbps-7-200-rpm-256mb-cache-rozbaleno+dp429035/
"Dell server disk, 3,5"" - 2TB pro PE R220, R230, R240, R330, R430, T110 II, T130, T140, T430";5775,00;2000,00;2887,50;"HDD disk urèenı pro vybrané servery Dell PowerEdge a PowerVault, kapacita 2 TB, formát 3,5"", rozhraní SAS 12 Gb/s, otáèky 7 200 RPM.";https://www.czc.cz/dell-server-disk-3-5-2tb-pro-pe-r220-r230-r240-r330-r430-t110-ii-t130-t140-t430/274186/produkt
Seagate Exos X16 14TB SAS;8901,00;14000,00;635,79;"Interní HDD / Kapacita 14000 GB / 7 200 otáèek / Cache 256 MB / Specifikace AHCI / Formát Klasickı - 3.5"" Interní / Rozhraní SAS III (12 Gbit/s) / Advanced Format, JBOD, NCQ, RAID, RoHS / Kov / Záruka 60 mìsícù";https://www.mironet.cz/seagate-exos-x16-14tb-sas-hdd-35quot-sas-12gbs-7-200-rpm-256mb-cache-5y+dp470253/
"WD Ultrastar DC HC320, 3,5"" - 8TB";9889,00;8000,00;1236,12;Kvalitní pevnı disk pro vyuití v datovıch centrech, velikost 3,5“, kapacita 8 TB, rozhraní SAS 12 Gb/s, vyrovnávací pamì 256 MB, pokroèilé formátování 512e, MTBF 2 miliony hodin.;https://www.czc.cz/wd-ultrastar-dc-hc320-3-5-8tb/263923/produkt
WD Ultrastar DC330 10TB;7219,00;10000,00;721,90;"Interní HDD / Kapacita 10000 GB / 7 200 otáèek / Cache 256 MB / Formát Klasickı - 3.5"" Interní / Rozhraní SAS III (12 Gbit/s) / Kov / Záruka 60 mìsícù";https://www.mironet.cz/wd-ultrastar-dc330-10tb-hdd-35quot-sas-iii-7-200-rpm-256mb-cache-5y+dp442095/
Seagate Exos X16 16TB;8868,00;16000,00;554,25;"Interní HDD / Kapacita 16000 GB / 7 200 otáèek / Cache 256 MB / Specifikace AHCI / Formát Klasickı - 3.5"" Interní / Rozhraní SAS III (12 Gbit/s) / Advanced Format, JBOD, NCQ, RAID, RoHS / Kov / Záruka 60 mìsícù";https://www.mironet.cz/seagate-exos-x16-16tb-hdd-35quot-sas-iii-256mb-cache-5y+dp442027/
"KIOXIA MG08SCA16TE, 3,5"" - 16TB";200,00;16000,00;12,50;Kvalitní Enterprise HDD plnìnı heliem, formát 3,5“, kapacita 16 TB, rozhraní SAS 12 Gb/s, otáèky 7 200 RPM, vyrovnávací pamì 512 MB, pokroèilé formátování 512e.;https://www.czc.cz/kioxia-mg08sca16te-3-5-16tb/274221/produkt
"Dell server disk, 3,5"" - 2TB pro PE R250,R350,R450,R550,R750,T350,T550";7590,00;2000,00;3795,00;"HDD urèenı pro vybrané servery Dell PowerEdge, kapacita 2 TB, formát 3,5"", rozhraní SAS 12 Gb/s, rychlost 7200 RPM.";https://www.czc.cz/dell-server-disk-3-5-2tb-pro-pe-r250-r350-r450-r550-r750-t350-t550/338681/produkt
"Dell server disk, 2,5"" ve 3,5 - 2,42TB pro PE T340, T440, T640, R230, R330, R430, R530, R730";7881,00;2420,00;3256,61;"HDD urèenı pro vybrané servery Dell PowerEdge a PowerVault, kapacita 2,4 TB, formát 2,5"" ve 3,5"" rámeèku, rozhraní SAS 12 Gb/s, rychlost ploten 10 000 RPM, 512e.";https://www.czc.cz/dell-server-disk-2-5-ve-3-5-2-42tb-pro-pe-t340-t440-t640-r230-r330-r430-r530-r730/335468/produkt
"WD Ultrastar DC HC520, 3,5"" - 12TB";13894,00;12000,00;1157,83;Kvalitní pevnı disk pro vyuití v datovıch centrech, velikost 3,5“, kapacita 12 TB, rozhraní SAS 12 Gb/s, vyrovnávací pamì 256 MB, pokroèilé formátování 512e, MTBF 2,5 milionu hodin, self-encrypting drive.;https://www.czc.cz/wd-ultrastar-dc-hc520-3-5-12tb/263929/produkt
Seagate Exos 7E8 8TB;8838,00;8000,00;1104,75;"Interní HDD / Kapacita 8000 GB / 7 200 otáèek / Cache 256 MB / Specifikace AHCI / Formát Klasickı - 3.5"" Interní / Rozhraní SAS III (12 Gbit/s) / JBOD, NCQ, RAID, RoHS / Kov";https://www.mironet.cz/seagate-exos-7e8-8tb-hdd-35quot-sas-12gbps-7-200-rpm-256mb-cache+dp379562/
"Dell server disk, 3,5"" - 8TB pro PE T340,T440,T640,T430,T330,R330,R430,R530,R730";11559,00;8000,00;1444,88;"HDD urèenı pro vybrané servery Dell PowerEdge, kapacita 8 TB, formát 3,5"", rozhraní NL SAS 12 Gb/s, rychlost 7200 RPM.";https://www.czc.cz/dell-server-disk-3-5-8tb-pro-pe-t340-t440-t640-t430-t330-r330-r430-r530-r730/338687/produkt
DELL server 4TB;7551,00;4000,00;1887,75;"Interní HDD / Kapacita 4000 GB / 7 200 otáèek / Formát Klasickı - 3.5"" Interní / Rozhraní SAS III (12 Gbit/s) / Kov / Záruka 24 mìsícù";https://www.mironet.cz/dell-server-4tb-35quot-nlsas-7200-rpm-hotplug-pro-poweredge-r240-r340-r440-r540-r640-r740xd+dp478434/
"Seagate Exos X20, 3,5"" - 20TB";14693,00;20000,00;734,65;Pevnı disk podnikové úrovnì nejen pro cloudová úloištì, velikost 3,5“, kapacita 20 TB, rozhraní SAS 12 Gb/s, 7 200 ot./min., rychlost pøenosu dat a 285 MB/s, vyrovnávací pamì 256 MB, pokroèilé formátování 512e/4kN.;https://www.czc.cz/seagate-exos-x20-3-5-20tb/334494/produkt
WD WDC Ultrastar 7K600|HC310 6TB;5657,00;6000,00;942,83;"Interní HDD / Kapacita 6000 GB / 7 200 otáèek / Cache 256 MB / Formát Klasickı - 3.5"" Interní / Rozhraní SAS III (12 Gbit/s) / Kov / Záruka 60 mìsícù";https://www.mironet.cz/wd-wdc-ultrastar-7k600hc310-6tb-hdd-35quot-sas-iii-7-200-rpm-256mb-cache-5y+dp424678/
DELL server disk 8TB;10146,00;8000,00;1268,25;"Interní HDD / Kapacita 8000 GB / 7 200 otáèek / Formát Klasickı - 3.5"" Interní / Rozhraní SAS III (12 Gbit/s) / Kov / Záruka 12 mìsícù";https://www.mironet.cz/dell-server-disk-8tb-hdd-35quot-sas-iii-7-200-rpm-poweredge-rt-r240-r340-r440-r540+dp514788/
"Lenovo TS server disk, 3,5"" - 6TB";9756,00;6000,00;1626,00;"Magnetickı disk urèenı pro vybrané servery Lenovo ThinkSystem. Nabízí kapacitu 6 TB a má velikost 3.5"". K pøipojení se serverem vyuívá rozhraní SATA 12 Gb/s. Dosahuje rychlosti a 7200 ot/min. Monost vımìny disku za chodu serveru (hot-swap). Provoz 24x7.";https://www.czc.cz/lenovo-ts-server-disk-3-5-6tb/240339/produkt
SEAGATE Exos Enterprise 7E8 4TB;4598,00;4000,00;1149,50;"Interní HDD / Kapacita 4000 GB / 7 200 otáèek / Cache 256 MB / Specifikace SCSI / Formát Klasickı - 3.5"" Interní / Rozhraní SAS III (12 Gbit/s) / Advanced Format, JBOD, NCQ, RAID, RoHS / Kov / MTBF 2000000 hodin / Záruka 60 mìsícù";https://www.mironet.cz/seagate-exos-enterprise-7e8-4tb-interni-35quot-sas-12gbs-256mb-cache-7200rpm-5y+dp443260/
HP Enterprise 450GB;793,00;450,00;1762,22;"Interní HDD / Kapacita 450 GB / 15 000 otáèek / Specifikace SCSI / Formát Klasickı - 3.5"" Interní / Rozhraní FATA 40pin (4 Gbit/s) / Kov / Záruka 12 mìsícù";https://www.mironet.cz/hp-enterprise-450gb-35quot-15-000-rpm-4gbs-fata-hotswap-interni-refurbished+dp362340/
Synology HAS5300-16T, 3.5” - 16TB;18747,00;16000,00;1171,69;Vysoce kvalitní HDD podnikové tøídy pro systémy Synology, kapacita 16 TB, formát 3,5“, rozhraní SAS 12 Gb/s, rychlost pøenosu dat a 262 MiB/s, vyrovnávací pamì 512 MiB, rychlost rotace 7200 RPM, formátování 512e, ivotnost 2,5 mil. hodin MTTF, pracovní zátì 550 TB za rok.;https://www.czc.cz/synology-has5300-16t-3-5-16tb/322856/produkt
"Seagate Exos 7E8, 3,5"" - 8TB";8280,00;8000,00;1035,00;Vıkonnı disk podnikové úrovnì pro 24/7 provoz, velikost 3,5“, kapacita 8 TB, rozhraní SAS 12 Gb/s, 7 200 ot./min., pokroèilé formátování 512e, vyrovnávací pamì 256 MB.;https://www.czc.cz/seagate-exos-7e8-3-5-8tb_3/281808/produkt
Seagate Exos X18 18TB SAS;11151,00;18000,00;619,50;"Interní HDD / Kapacita 18000 GB / 7 200 otáèek / Cache 256 MB / Specifikace AHCI / Formát Klasickı - 3.5"" Interní / Rozhraní SAS III (12 Gbit/s) / Advanced Format, JBOD, NCQ, RAID, RoHS / Kov / MTBF 2500000 hodin / Záruka 60 mìsícù";https://www.mironet.cz/seagate-exos-x18-18tb-sas-hdd-35quot-sas-iii-7-200-rpm-256mb-cache-5y+dp477936/
"KIOXIA MG07SCA12TE, 3,5"" - 12TB";9599,00;12000,00;799,92;Kvalitní Enterprise HDD, formát 3,5“, kapacita 12 TB, rozhraní SAS 12 Gb/s, otáèky 7 200 RPM, rychlost pøenosu dat a 242 MB/s, pokroèilé formátování 512e.;https://www.czc.cz/kioxia-mg07sca12te-3-5-12tb/274219/produkt
"Dell server disk 2TB/7.2k/NLSAS/hot-plug/3.5""/ pro T340, T440, T640";5896,00;2000,00;2948,00;"HDD disk urèenı pro vybrané servery DELL PowerEdge T, kapacita 2 TB, velikost 3,5"", rozhraní NLSAS 12 Gb/s, rychlost 7 200 rpm.";https://www.czc.cz/dell-server-disk-2tb-7-2k-nlsas-hot-plug-3-5-pro-t340-t440-t640/257350/produkt
"WD Ultrastar DC HC520, 3,5"" - 12TB";11148,00;12000,00;929,00;Kvalitní pevnı disk pro vyuití v datovıch centrech, velikost 3,5“, kapacita 12 TB, rozhraní SAS 12 Gb/s, vyrovnávací pamì 256 MB, pokroèilé formátování 512e, MTBF 2,5 milionu hodin.;https://www.czc.cz/wd-ultrastar-dc-hc520-3-5-12tb_2/263928/produkt
Synology HAS5300-12T, 3.5” - 12TB;14100,00;12000,00;1175,00;Vysoce kvalitní HDD podnikové tøídy pro systémy Synology, kapacita 12 TB, formát 3,5“, rozhraní SAS 12 Gb/s, rychlost pøenosu dat a 242 MiB/s, vyrovnávací pamì 256 MiB, rychlost rotace 7200 RPM, formátování 512e, ivotnost 2,5 mil. hodin MTTF, pracovní zátì 550 TB za rok.;https://www.czc.cz/synology-has5300-12t-3-5-12tb/322855/produkt
DELL server 4TB;9391,00;4000,00;2347,75;"Interní HDD / Kapacita 4000 GB / 7 200 otáèek / Formát Klasickı - 3.5"" Interní / Rozhraní SAS III (12 Gbit/s) / Kov / Záruka 24 mìsícù";https://www.mironet.cz/dell-server-4tb-35quot-sas-12gbps-7200-rpm-hotplug-pro-12g-13g+dp351356/
DELL server 2TB;6028,00;2000,00;3014,00;"Interní HDD / Kapacita 2000 GB / 7 200 otáèek / Formát Klasickı - 3.5"" Interní / Rozhraní SAS III (12 Gbit/s)";https://www.mironet.cz/dell-server-2tb-sas-12gbps-7200-rpm-35quot-hotplug-pro-t340-t440-t640+dp401240/
HP Enterprise 450GB;5390,00;450,00;11977,78;"Interní HDD / Kapacita 450 GB / 15 000 otáèek / Specifikace SCSI / Formát Klasickı - 3.5"" Interní / Rozhraní SAS II (6 Gbit/s) / Kov / Záruka 12 mìsícù";https://www.mironet.cz/hp-enterprise-450gb-35quot-15-000-rpm-6gbs-sas-hotswap-interni-refurbished+dp362348/
Seagate Exos 7E8 8TB;6751,00;8000,00;843,88;"Interní HDD / Kapacita 8000 GB / 7 200 otáèek / Cache 256 MB / Formát Klasickı - 3.5"" Interní / Rozhraní SAS III (12 Gbit/s) / Kov / MTBF 2000000 hodin / Záruka 60 mìsícù";https://www.mironet.cz/seagate-exos-7e8-8tb-hdd-35quot-sas-iii-7-200-rpm-256mb-cache-5y+dp442099/
"Dell server disk, 3.5"" - 8TB pro R/T R240,R340,R440,R540,R640,R740(xd),R250,R350,R450,R550";9974,00;8000,00;1246,75;"HDD urèenı pro vybrané servery Dell PowerEdge, kapacita 8 TB, formát 3,5"", rozhraní SAS 12 Gb/s, rychlost 7200 RPM.";https://www.czc.cz/dell-server-disk-3-5-8tb-pro-r-t-r240-r340-r440-r540-r640-r740-xd-r250-r350-r450-r550/331838/produkt
"Dell server disk, 2,5"" ve 3.5"" - 300GB pro PE R240, R340, R640, R740";5303,00;300,00;17676,67;"HDD urèenı pro vybrané servery Dell PowerEdge a PowerVault, kapacita 300 GB, formát 2,5"", rozhraní SAS 12 Gb/s, rychlost 15 000 RPM.";https://www.czc.cz/dell-server-disk-2-5-ve-3-5-300gb-pro-pe-r240-r340-r640-r740/333665/produkt
Rozbaleno - Seagate Exos 7E8 Enterprise 6TB 512e4KN;3499,00;6000,00;583,17;"Interní HDD / Kapacita 6000 GB / 7 200 otáèek / Cache 256 MB / Formát Klasickı - 3.5"" Interní / Rozhraní SAS III (12 Gbit/s) / MTBF 2000000 hodin / Záruka 60 mìsícù";https://www.mironet.cz/rozbaleno-seagate-exos-7e8-enterprise-6tb-512e4kn-hdd-35quot-sas-12gbs-7-200-rpm-256mb-cache-5y-rozbaleno+dp473473/
"WD Ultrastar DC HC310, 3,5"" - 4TB";7167,00;4000,00;1791,75;Kvalitní pevnı disk pro vyuití v datovıch centrech, velikost 3,5“, kapacita 4 TB, rozhraní SAS 12 Gb/s, vyrovnávací pamì 256 MB, pokroèilé formátování 512e, MTBF 2 miliony hodin.;https://www.czc.cz/wd-ultrastar-dc-hc310-3-5-4tb/263921/produkt
"HPE server disk, 3,5"" - 8TB";11995,00;8000,00;1499,38;"Kvalitní serverovı disk, pro servery HPE, kapacita 8 TB, rozhraní SAS 12Gb/s, formát 3,5"" (LFF) ve SmartCarrier, rychlost 7200 ot./min., formátování 512e.";https://www.czc.cz/hpe-server-disk-3-5-8tb_2/317591/produkt
HP Enterprise 300GB Refurbished;1484,00;300,00;4946,67;"Interní HDD / Kapacita 300 GB / 15 000 otáèek / Specifikace SCSI / Formát Klasickı - 3.5"" Interní / Rozhraní SAS II (6 Gbit/s) / Kov / Záruka 12 mìsícù";https://www.mironet.cz/hp-enterprise-300gb-refurbished-35quot-15-000-rpm-6gbs-sas-hotswap-interni-refurbished+dp362347/
HDD SEAGATE CONSTELLATION ES;3003,00;0,00;99999,00;" 500 GB / 7200ot. /ST3500514NS / 3,5"" / 32 MB Cache / SATAII /Interní";https://www.mironet.cz/hdd-seagate-constellation-es-500-gb-7200ot-st3500514ns-35quot-32-mb-cache-sataii-interni+dp111964/
Seagate Exos X16 12TB SAS;9770,00;12000,00;814,17;"Interní HDD / Kapacita 12000 GB / 7 200 otáèek / Cache 256 MB / Specifikace AHCI / Formát Klasickı - 3.5"" Interní / Rozhraní SAS III (12 Gbit/s) / Advanced Format, JBOD, NCQ, RAID, RoHS / Kov / MTBF 2500000 hodin / Záruka 60 mìsícù";https://www.mironet.cz/seagate-exos-x16-12tb-sas-hdd-35quot-sas-iii-7-200-rpm-256mb-cache-5y+dp477934/
DELL server 2TB;6722,00;2000,00;3361,00;"Interní HDD / Kapacita 2000 GB / 7 200 otáèek / Formát Klasickı - 3.5"" Interní / Rozhraní SAS III (12 Gbit/s)";https://www.mironet.cz/dell-server-2tb-sas-12gbps-7200-rpm-35quot-pro-poweredge-r-t-r440-r640-r740xd+dp401937/
HP Enterprise 900GB;18946,00;900,00;21051,11;"Kapacita 900 GB / 10 000 otáèek / Formát Klasickı - 2.5"" Interní / Rozhraní SAS III (12 Gbit/s) / Záruka 36 mìsícù";https://www.mironet.cz/hp-enterprise-900gb-25quot-10000rpm-sas-interni-3y+dp364803/
"KIOXIA MG04SCA20EE, 3,5"" - 2TB";5299,00;2000,00;2649,50;Kvalitní Enterprise HDD, formát 3,5“, kapacita 2 TB, rozhraní SAS 12 Gb/s, otáèky 7 200 RPM, rychlost pøenosu dat a 205 MB/s, pokroèilé formátování 512e.;https://www.czc.cz/kioxia-mg04sca20ee-3-5-2tb/274210/produkt
"Western Digital Ultrastar DC HC320, 3,5"" - 8TB";7481,00;8000,00;935,12;"Pevnı disk pro servery a disková pole. Formát 3,5"". Kapacita 8TB. Rozhraní SAS III. Rychlost otáèek 7200 rpm. Cache pamì 256 Mb. 12 Gb/s SAS.";https://www.czc.cz/western-digital-ultrastar-dc-hc320-3-5-8tb_2/242989/produkt
WD Ultrastar DC HC310 7K6 4TB;4268,00;4000,00;1067,00;"Interní HDD / Kapacita 4000 GB / 7 200 otáèek / Cache 256 MB / Specifikace SCSI / Formát Klasickı - 3.5"" Interní / Rozhraní SAS III (12 Gbit/s) / JBOD, NCQ, RAID, RoHS / Kov / Záruka 60 mìsícù";https://www.mironet.cz/wd-ultrastar-dc-hc310-7k6-4tb-hdd-35quot-sas-12gbs-7-200-rpm-512e-se-p3-256mb-cache-pro-nas+dp442480/
"HPE server disk, 3,5"" - 12TB";21723,00;12000,00;1810,25;"Kvalitní serverovı disk, pro servery HPE, kapacita 12 TB, rozhraní SAS 12Gb/s, formát 3,5"" (LFF) ve SmartCarrier, rychlost 7200 ot./min., digitálnì podepsanı firmware, formátování 512e.";https://www.czc.cz/hpe-server-disk-3-5-12tb/317582/produkt
"Dell server disk, 2,5"" ve 3.5"" - 1,2TB pro R240, R340, R440, R540, R640, R740(xd), R7415";5279,00;1200,00;4399,17;"HDD disk urèenı pro vybrané servery Dell PowerEdge a PowerVault, kapacita 1,2 TB, formát 2,5"" ve 3,5"" rámeèku, rozhraní SAS 12 Gb/s, otáèky 10 000 RPM, 512n, hot-plug.";https://www.czc.cz/dell-server-disk-2-5-ve-3-5-1-2tb-pro-r240-r340-r440-r540-r640-r740-xd-r7415/278095/produkt
WD Ultrastar DC HC320 8TB;6005,00;8000,00;750,62;"Interní HDD / Kapacita 8000 GB / 7 200 otáèek / Cache 256 MB / Formát Klasickı - 3.5"" Interní / Rozhraní SAS III (12 Gbit/s) / Kov / Záruka 60 mìsícù";https://www.mironet.cz/wd-ultrastar-dc-hc320-8tb-hdd-35quot-sas-12-gbs-7-200-rpm-256-mb-cache-5y+dp442042/
"Dell server disk, 2,5"" ve 3,5"" - 600GB pro PE R(T) 320, 420, 520, 710, 720(xd), 620";7433,00;600,00;12388,33;"HDD disk urèenı pro vybrané servery Dell PowerEdge, kapacita 600 GB, formát 2,5"" ve 3,5"" rámeèku, rozhraní SAS 12 Gb/s, otáèky 15 000 RPM.";https://www.czc.cz/dell-server-disk-2-5-ve-3-5-600gb-pro-pe-r-t-320-420-520-710-720-xd-620/274168/produkt
"Dell server disk, 3,5"" - 2TB pro PowerEdge PowerEdge R/T R440/R640/R740(xd)";6634,00;2000,00;3317,00;"HDD disk urèenı pro vybrané servery DELL PowerEdge, kapacita 2 TB, velikost 3.5"", rozhraní SAS 12 Gb/s, rychlost 7 200 rpm, pøenosová rychlost a 1,2 GB/s.";https://www.czc.cz/dell-server-disk-3-5-2tb_3/245913/produkt
HP 160GB 7.2k NSATA ETY 1y Wty HDD;2187,00;0,00;99999,00;Interní;https://www.mironet.cz/hp-160gb-72k-nsata-ety-1y-wty-hdd-interni+dp109290/
"Dell server disk, 3,5"" - 12TB pro PE R240,440,540,640,740.250,350,450,T350,T550";16980,00;12000,00;1415,00;"HDD urèenı pro vybrané servery Dell PowerEdge a PowerVault, kapacita 12 TB, formát 3,5"", rozhraní SAS 12 Gb/s, rychlost 7200 RPM.";https://www.czc.cz/dell-server-disk-3-5-12tb-pro-pe-r240-440-540-640-740-250-350-450-t350-t550/338680/produkt
"KIOXIA MG07SCA14TE, 3,5"" - 14TB";14999,00;14000,00;1071,36;Kvalitní Enterprise HDD, formát 3,5“, kapacita 12 TB, rozhraní SAS 12 Gb/s, otáèky 7 200 RPM, rychlost pøenosu dat a 248 MB/s, pokroèilé formátování 512e.;https://www.czc.cz/kioxia-mg07sca14te-3-5-14tb/274220/produkt
"Seagate Exos 7E8, 3,5"" - 4TB";5255,00;4000,00;1313,75;Vıkonnı disk podnikové úrovnì pro 24/7 provoz, velikost 3,5“, kapacita 4 TB, rozhraní SAS 12 Gb/s, 7 200 ot./min., formátování 512n, vyrovnávací pamì 256 MB.;https://www.czc.cz/seagate-exos-7e8-3-5-4tb_5/282271/produkt
DELL server 600GB;6652,00;600,00;11086,67;"Interní HDD / Kapacita 600 GB / 15 000 otáèek / Formát Klasickı - 3.5"" Interní / Rozhraní SAS III (12 Gbit/s) / Kov / Adaptér do 3.5"" v balení / Záruka 24 mìsícù";https://www.mironet.cz/dell-server-600gb-hotplug-sas-15000-rpm-35quot-pro-poweredge-r440-r540-r640-r740xd+dp380207/
DELL server 4TB;7410,00;4000,00;1852,50;"Interní HDD / Kapacita 4000 GB / 7 200 otáèek / Formát Klasickı - 3.5"" Interní / Rozhraní SAS III (12 Gbit/s) / Kov / Záruka 24 mìsícù";https://www.mironet.cz/dell-server-4tb-35quot-nlsas-7200-rpm-hotplug-pro-poweredge-t340-t440-t640-t430-t330-r330-r430+dp478433/
WD Ultrastar DC HGST 12TB;10969,00;12000,00;914,08;"Interní HDD / Kapacita 12000 GB / 7 200 otáèek / Cache 256 MB / Specifikace AHCI / Formát Klasickı - 3.5"" Interní / Rozhraní SAS III (12 Gbit/s) / Advanced Format, JBOD, NCQ, RAID, RoHS / Kov / Záruka 60 mìsícù";https://www.mironet.cz/wd-ultrastar-dc-hgst-12tb-hdd-35quot-sas-iii-7-200-rpm-256mb-cache-5y-pro-servery+dp456562/
"KIOXIA MG04SCA60EE, 3,5"" - 6TB";8999,00;6000,00;1499,83;Kvalitní Enterprise HDD, formát 3,5“, kapacita 6 TB, rozhraní SAS 12 Gb/s, otáèky 7 200 RPM, rychlost pøenosu dat a 205 MB/s, pokroèilé formátování 512e.;https://www.czc.cz/kioxia-mg04sca60ee-3-5-6tb/274215/produkt
Hitachi WDC Ultrastar HC330 10TB;8301,00;10000,00;830,10;"Interní HDD / Kapacita 10000 GB / 7 200 otáèek / Cache 256 MB / Formát Klasickı - 3.5"" Interní / Rozhraní SAS III (12 Gbit/s) / Kov / Záruka 60 mìsícù";https://www.mironet.cz/hitachi-wdc-ultrastar-hc330-10tb-hdd-35quot-sas-iii-7-200-rpm-256mb-cache-5y+dp424679/
Rozbaleno - DELL server 600GB;3490,00;600,00;5816,67;"Interní HDD / Kapacita 600 GB / 15 000 otáèek / Formát Klasickı - 2.5"" Interní / Rozhraní SAS III (12 Gbit/s) / Kov / Záruka 24 mìsícù";https://www.mironet.cz/rozbaleno-dell-server-600gb-hotplug-sas-15000-rpm-25quot-pro-poweredge-r440-r540-r640-r740xd-rozbaleno+dp411923/
WD Ultrastar DC HC550 18TB;10133,00;18000,00;562,94;"Interní HDD / Kapacita 18000 GB / 7 200 otáèek / Cache 512 MB / Specifikace AHCI / Formát Klasickı - 3.5"" Interní / Rozhraní SAS III (12 Gbit/s) / Advanced Format, JBOD, NCQ, RAID, RoHS / Kov / Záruka 60 mìsícù";https://www.mironet.cz/wd-ultrastar-dc-hc550-18tb-hdd-35quot-sas-iii-7-200-rpm-512mb-cache-5y-pro-datova-centra+dp477726/
HP Enterprise 450GB;6737,00;450,00;14971,11;"Interní HDD / Kapacita 450 GB / 15 000 otáèek / Specifikace SCSI / Formát Klasickı - 3.5"" Interní / Rozhraní SAS II (6 Gbit/s) / Kov / Záruka 12 mìsícù";https://www.mironet.cz/hp-enterprise-450gb-35quot-15-000-rpm-6gbs-sas-hotswap-interni-refurbished+dp362346/
"Lenovo TS server disk, 3,5"" - 8TB";10736,00;8000,00;1342,00;"Magnetickı disk urèenı pro vybrané servery Lenovo ThinkSystem. Nabízí kapacitu 8 TB a má velikost 3.5"". K pøipojení se serverem vyuívá rozhraní SATA 12 Gb/s. Dosahuje rychlosti a 7200 ot/min. Monost vımìny disku za chodu serveru (hot-swap). Provoz 24x7.";https://www.czc.cz/lenovo-ts-server-disk-3-5-8tb/240340/produkt
Hitachi Ultrastar Archive Ha10 10TB;14010,00;10000,00;1401,00;"Interní HDD / Kapacita 10000 GB / 7 200 otáèek / Cache 256 MB / Formát Klasickı - 3.5"" Interní / Rozhraní SAS III (12 Gbit/s) / Kov / Záruka 60 mìsícù";https://www.mironet.cz/hitachi-ultrastar-archive-ha10-10tb-hdd-35quot-sas-iii-7-200-rpm-256mb-cache-261mm-5y+dp391380/
"KIOXIA MG06SCA800E, 3,5"" - 8TB";9999,00;8000,00;1249,88;Kvalitní Enterprise HDD, formát 3,5“, kapacita 8 TB, rozhraní SAS 12 Gb/s, otáèky 7 200 RPM, rychlost pøenosu dat a 230 MB/s, pokroèilé formátování 512e.;https://www.czc.cz/kioxia-mg06sca800e-3-5-8tb/274217/produkt
Seagate Cheetah 15K.7 300GB;7547,00;300,00;25156,67;"Interní HDD / Kapacita 300 GB / 15 000 otáèek / Cache 16 MB / Specifikace SCSI / Formát Klasickı - 3.5"" Interní / Rozhraní SAS II (6 Gbit/s) / JBOD, RAID, RoHS / Plast + kov / MTBF 1600000 hodin / Záruka 60 mìsícù";https://www.mironet.cz/seagate-cheetah-15k7-300gb-35quot-15-000-rpm-16mb-cache-sas-3gbps-interni+dp98545/
"Dell server disk, 2,5"" ve 3,5"" - 600GB pro PE R250, R550, R650, R750(xd), R350,T350,T550";5025,00;600,00;8375,00;"HDD urèenı pro vybrané servery Dell PowerEdge, kapacita 600 GB, formát 2,5"" ve 3,5"" rámeèku, rozhraní SAS 12 Gb/s, rychlost 10 000 RPM.";https://www.czc.cz/dell-server-disk-2-5-ve-3-5-600gb-pro-pe-r250-r550-r650-r750-xd-r350-t350-t550/338683/produkt
"Dell server disk, 3.5"" - 12TB pro PE R240, R340, R440, R540, R640, R740(xd), R250, R350";16811,00;12000,00;1400,92;"HDD urèenı pro vybrané servery Dell PowerEdge a PowerVault, kapacita 12 TB, formát 3,5"", rozhraní SAS 12 Gb/s, rychlost 7200 RPM.";https://www.czc.cz/dell-server-disk-3-5-12tb-pro-pe-r240-r340-r440-r540-r640-r740-xd-r250-r350/333663/produkt
"Western Digital Ultrastar DC HC520, 3,5"" - 12TB";13386,00;12000,00;1115,50;"Pevnı disk pro servery a disková pole. Formát 3,5"". Kapacita 12TB. Rozhraní SAS. Rychlost otáèek 7200 rpm. Cache pamì 256 Mb. Urèeno a pro 550 TB roènì. 12 Gb/s SAS.";https://www.czc.cz/western-digital-ultrastar-dc-hc520-3-5-12tb_2/242986/produkt
"Seagate Exos 7E8, 3,5"" - 1TB";2899,00;1000,00;2899,00;Vıkonnı disk podnikové úrovnì pro 24/7 provoz, velikost 3,5“, kapacita 1 TB, rozhraní SAS 12 Gb/s, 7 200 ot./min., formátování 512n, vyrovnávací pamì 256 MB.;https://www.czc.cz/seagate-exos-7e8-3-5-1tb_2/282265/produkt
"Dell server disk, 2,5"" ve 3,5"" - 4TB pro PE T340,T440,T640,T430,T330,R330,R430,R530,R730";8837,00;4000,00;2209,25;"Serverovı disk, pro vybrané servery Dell PowerEdge, PowerVault a Storage MD; kapacita 4 TB, formát 2,5"" ve 3,5"" rámeèku, rozhraní SAS 12 Gb/s, rychlost 7 200 RPM.";https://www.czc.cz/dell-server-disk-2-5-ve-3-5-4tb-pro-pe-t340-t440-t640-t430-t330-r330-r430-r530-r730/319604/produkt
SEAGATE Exos Enterprise 2.4TB;7019,00;2400,00;2924,58;"Interní HDD / Kapacita 2400 GB / 10 000 otáèek / Cache 256 MB / Specifikace SCSI / Formát Klasickı - 3.5"" Interní / Rozhraní SAS III (12 Gbit/s) / Advanced Format, JBOD, NCQ, RAID, RoHS / Kov / MTBF 2000000 hodin / Záruka 60 mìsícù";https://www.mironet.cz/seagate-exos-enterprise-24tb-interni-35quot-sas-iii-256mb-cache-10000rpm-5y+dp443263/
Rozbaleno - WD Ultrastar DC HC310 7K6 4TB;3742,00;4000,00;935,50;"Interní HDD / Kapacita 4000 GB / 7 200 otáèek / Cache 256 MB / Specifikace SCSI / Formát Klasickı - 3.5"" Interní / Rozhraní SAS III (12 Gbit/s) / JBOD, NCQ, RAID, RoHS / Kov / Záruka 60 mìsícù";https://www.mironet.cz/rozbaleno-wd-ultrastar-dc-hc310-7k6-4tb-hdd-35quot-sas-12gbs-7-200-rpm-512e-se-p3-256mb-cache-pro-nas-rozbaleno+dp457070/
WD Ultrastar DC HC520 12TB;8434,00;12000,00;702,83;"Interní HDD / Kapacita 12000 GB / 7 200 otáèek / Cache 256 MB / Specifikace AHCI / Formát Klasickı - 3.5"" Interní / Rozhraní SAS III (12 Gbit/s) / Advanced Format, JBOD, NCQ, RAID, RoHS / Kov / Záruka 60 mìsícù";https://www.mironet.cz/wd-ultrastar-dc-hc520-12tb-hdd-35quot-sas-iii-7-200-rpm-256mb-cache-5y-pro-servery-bulk+dp442085/
DELL server 2TB;5781,00;2000,00;2890,50;"Interní HDD / Kapacita 2000 GB / 7 200 otáèek / Formát Klasickı - 3.5"" Interní / Rozhraní SAS III (12 Gbit/s)";https://www.mironet.cz/dell-server-2tb-sas-12gbps-7200-rpm-35quot-pro-poweredge-r220-r230-r240-r330-r430-t110-ii-t130-t140-t430+dp457073/
"KIOXIA MG06SCA600E, 3,5"" - 6TB";8999,00;6000,00;1499,83;Kvalitní Enterprise HDD, formát 3,5“, kapacita 6 TB, rozhraní SAS 12 Gb/s, otáèky 7 200 RPM, rychlost pøenosu dat a 230 MB/s, pokroèilé formátování 512e.;https://www.czc.cz/kioxia-mg06sca600e-3-5-6tb/274214/produkt
"Seagate Exos Enterprise 7E8, 3,5"" - 6TB";7687,00;6000,00;1281,17;Vıkonnı disk podnikové úrovnì pro 24/7 provoz, velikost 3,5“, kapacita 6 TB, rozhraní SAS 12 Gb/s, 7 200 ot./min., formátování 512n, vyrovnávací pamì 256 MB.;https://www.czc.cz/seagate-exos-enterprise-7e8-3-5-6tb_3/282096/produkt
Seagate Exos 7E8 Enterprise 6TB 512n/ HDD;6195,00;6000,00;1032,50;"Interní HDD / Kapacita 6000 GB / 7 200 otáèek / Cache 256 MB / Formát Klasickı - 3.5"" Interní / Rozhraní SAS III (12 Gbit/s) / MTBF 2000000 hodin / Záruka 60 mìsícù";https://www.mironet.cz/seagate-exos-7e8-enterprise-6tb-512n-hdd-35quot-sas-12gbs-7-200-rpm-256mb-cache-5y+dp442188/
"Western Digital Ultrastar DC HC310, 3,5"" - 6TB";6199,00;6000,00;1033,17;"Pevnı disk pro servery a disková pole. Formát 3,5"". Kapacita 6TB. Rozhraní SAS. Rychlost otáèek 7200 rpm. Cache pamì 256 Mb. 12 Gb/s SAS.";https://www.czc.cz/western-digital-ultrastar-dc-hc310-3-5-6tb_2/242990/produkt
"KIOXIA MG06SCA10TE, 3,5"" - 10TB";12199,00;10000,00;1219,90;Kvalitní Enterprise HDD, formát 3,5“, kapacita 10 TB, rozhraní SAS 12 Gb/s, otáèky 7 200 RPM, rychlost pøenosu dat a 237 MB/s, pokroèilé formátování 512e.;https://www.czc.cz/kioxia-mg06sca10te-3-5-10tb/274218/produkt
"Dell server disk, 3,5"" - 4TB pro PE R240, R340, R440, R540, R640, R740(xd)";7615,00;4000,00;1903,75;"Serverovı disk, pro vybrané servery Dell PowerEdge, kapacita 4 TB, formát 3,5"", rozhraní SAS 12 Gb/s, rychlost 7 200 RPM.";https://www.czc.cz/dell-server-disk-3-5-4tb-pro-pe-r240-r340-r440-r540-r640-r740-xd/319606/produkt
"Seagate Exos 7E8, 3,5"" - 4TB";4892,00;4000,00;1223,00;Vıkonnı disk podnikové úrovnì pro 24/7 provoz, velikost 3,5“, kapacita 4 TB, rozhraní SAS 12 Gb/s, 7 200 ot./min., pokroèilé formátování 512e a 4kN, vyrovnávací pamì 256 MB.;https://www.czc.cz/seagate-exos-7e8-3-5-4tb_6/282270/produkt
"Seagate Exos X16, 3,5"" - 16TB";9805,00;16000,00;612,81;Vıkonnı disk podnikové úrovnì nejen pro cloudová úloištì, velikost 3,5“, kapacita 16 TB, rozhraní SAS 12 Gb/s, 7 200 ot./min., rychlost ètení/zápisu a 261/249 MB/s, vyrovnávací pamì 256 MB.;https://www.czc.cz/seagate-exos-x16-3-5-16tb_2/264694/produkt
Synology HAS5300-8T, 3.5” - 8TB;9442,00;8000,00;1180,25;Vysoce kvalitní HDD podnikové tøídy pro systémy Synology, kapacita 8 TB, formát 3,5“, rozhraní SAS 12 Gb/s, rychlost pøenosu dat a 230 MiB/s, vyrovnávací pamì 256 MiB, rychlost rotace 7200 RPM, formátování 512e, ivotnost 2,5 mil. hodin MTTF, pracovní zátì 550 TB za rok.;https://www.czc.cz/synology-has5300-8t-3-5-8tb/322854/produkt
"Dell server disk, 3.5"" - 12TB pro PE T340,T440,T640,R430,R730,R330,T330,R530,T630";18359,00;12000,00;1529,92;"HDD urèenı pro vybrané servery Dell PowerEdge a PowerVault, kapacita 12 TB, formát 3,5"", rozhraní SAS 12 Gb/s, rychlost 7 200 RPM.";https://www.czc.cz/dell-server-disk-3-5-12tb-pro-pe-t340-t440-t640-r430-r730-r330-t330-r530-t630/302567/produkt
"KIOXIA MG04SCA40EN, 3,5"" - 4TB";7999,00;4000,00;1999,75;Kvalitní Enterprise HDD, formát 3,5“, kapacita 4 TB, rozhraní SAS 12 Gb/s, otáèky 7 200 RPM, rychlost pøenosu dat a 195 MB/s, formátování sektorù 512n.;https://www.czc.cz/kioxia-mg04sca40en-3-5-4tb/274213/produkt
Seagate Exos X20 20TB;14425,00;20000,00;721,25;"Interní HDD / Kapacita 20000 GB / 7 200 otáèek / Cache 256 MB / Specifikace AHCI / Formát Klasickı - 3.5"" Interní / Rozhraní SAS III (12 Gbit/s) / Advanced Format, JBOD, NCQ, RAID, RoHS / Kov / Záruka 60 mìsícù";https://www.mironet.cz/seagate-exos-x20-20tb-hdd-35quot-sas-12gbs-7-200-rpm-256mb-cache-5y+dp507735/
"Seagate Exos Enterprise 7E8, 3,5"" - 6TB";6114,00;6000,00;1019,00;Vıkonnı disk podnikové úrovnì pro 24/7 provoz, velikost 3,5“, kapacita 6 TB, rozhraní SAS 12 Gb/s, 7 200 ot./min., pokroèilé formátování 512e a 4kN, vyrovnávací pamì 256 MB.;https://www.czc.cz/seagate-exos-enterprise-7e8-3-5-6tb_2/282094/produkt
HP Enterprise 600GB;1966,00;600,00;3276,67;"Interní HDD / Kapacita 600 GB / 15 000 otáèek / Specifikace SCSI / Formát Klasickı - 3.5"" Interní / Rozhraní SAS II (6 Gbit/s) / Kov / Záruka 12 mìsícù";https://www.mironet.cz/hp-enterprise-600gb-35quot-15-000-rpm-6gbs-sas-hotswap-interni-refurbished+dp362343/
DELL server 1TB;7086,00;0,00;99999,00;"NL SAS 6Gbps / 7200rpm / 2.5"" / Hot-Plug / pro PowerEdge R/T 320/ 420/ 610/ 620/ 710/ 720";https://www.mironet.cz/dell-server-1tb-nl-sas-6gbps-7200rpm-25quot-hotplug-pro-poweredge-rt-320-420-610-620-710-720+dp222546/
SEAGATE Exos Enterprise 2TB;3302,00;2000,00;1651,00;"Interní HDD / Kapacita 2000 GB / 7 200 otáèek / Cache 256 MB / Specifikace SCSI / Formát Klasickı - 3.5"" Interní / Rozhraní SAS III (12 Gbit/s) / Advanced Format, JBOD, NCQ, RAID, RoHS / Kov / MTBF 2000000 hodin / Záruka 60 mìsícù";https://www.mironet.cz/seagate-exos-enterprise-2tb-interni-35quot-sas-iii-256mb-cache-7200rpm-5y+dp443241/
Rozbaleno - Seagate Exos X16 16TB;7499,00;16000,00;468,69;"Interní HDD / Kapacita 16000 GB / 7 200 otáèek / Cache 256 MB / Specifikace AHCI / Formát Klasickı - 3.5"" Interní / Rozhraní SAS III (12 Gbit/s) / Advanced Format, JBOD, NCQ, RAID, RoHS / Kov / Záruka 60 mìsícù";https://www.mironet.cz/rozbaleno-seagate-exos-x16-16tb-hdd-35quot-sas-iii-256mb-cache-5y-rozbaleno+dp498584/
"Dell server disk 300GB, 2,5"" ve 3,5"" rámeèku pro PE R(T) 310/320/410/420/510/520/620/710";6562,00;300,00;21873,33;"HDD disk urèenı pro vybrané servery Dell PowerEdge a PowerVault, kapacita 300 GB, formát 2,5"" ve 3,5"" rámeèku, rozhraní SAS 12 Gb/s, otáèky 15 000 RPM.";https://www.czc.cz/dell-server-disk-300gb-2-5-ve-3-5-ramecku-pro-pe-r-t-310-320-410-420-510-520-620-710/274318/produkt
HP Enterprise DualPort 300GB;1514,00;300,00;5046,67;"Interní HDD / Kapacita 300 GB / 15 000 otáèek / Specifikace SCSI / Formát Klasickı - 3.5"" Interní / Rozhraní SAS II (6 Gbit/s) / Kov / Záruka 12 mìsícù";https://www.mironet.cz/hp-enterprise-dualport-300gb-35quot-15-000-rpm-6gbs-sas-hotswap-interni-refurbished+dp362336/
"Seagate Exos X16, 3,5"" - 14TB";10095,00;14000,00;721,07;Vıkonnı disk podnikové úrovnì nejen pro cloudová úloištì, velikost 3,5“, kapacita 14 TB, rozhraní SAS 12 Gb/s, 7 200 ot./min., rychlost ètení/zápisu a 261/249 MB/s, vyrovnávací pamì 256 MB.;https://www.czc.cz/seagate-exos-x16-3-5-14tb_2/264692/produkt
"KIOXIA MG04SCA40EE, 3,5"" - 4TB";7199,00;4000,00;1799,75;Kvalitní Enterprise HDD, formát 3,5“, kapacita 4 TB, rozhraní SAS 12 Gb/s, otáèky 7 200 RPM, rychlost pøenosu dat a 205 MB/s, pokroèilé formátování 512e.;https://www.czc.cz/kioxia-mg04sca40ee-3-5-4tb/274212/produkt
"Dell server disk, 2,5"" ve 3,5"" - 600GB pro PE R(T) 320, 420, 520, 720(xd), 620";8002,00;600,00;13336,67;"HDD disk urèenı pro vybrané servery Dell PowerEdge a PowerVault, kapacita 600 GB, formát 2,5"" ve 3,5"" rámeèku, rozhraní SAS 12 Gb/s, otáèky 10 000 RPM.";https://www.czc.cz/dell-server-disk-2-5-ve-3-5-600gb-pro-pe-r-t-320-420-520-720-xd-620/274183/produkt
"HPE server disk 2TB/SAS/7.2K/3.5""";6054,00;2000,00;3027,00;"Kvalitní serverovı disk, pro servery HPE, kapacita 2 TB, rozhraní SAS 12Gb/s, formát 3,5"" (nízkı profil), rychlost 7200 ot./min., digitálnì podepsanı firmware";https://www.czc.cz/hpe-server-disk-2tb-sas-7-2k-3-5/296094/produkt
"Seagate Exos 7E8, 3,5"" - 2TB";3912,00;2000,00;1956,00;Vıkonnı disk podnikové úrovnì pro 24/7 provoz, velikost 3,5“, kapacita 2 TB, rozhraní SAS 12 Gb/s, 7 200 ot./min., pokroèilé formátování 512n, vyrovnávací pamì 256 MB.;https://www.czc.cz/seagate-exos-7e8-3-5-2tb_5/280113/produkt
"Dell server disk, 2.5"" ve 3,5"" - 2.4TB pro R240,R340,R440,R540,R740,R250,R350,R450,R550";7917,00;2400,00;3298,75;"HDD urèenı pro vybrané servery a pracovní stanice Dell PowerEdge a PowerVault, kapacita 2,4 TB, formát 2,5"" ve 3,5"" rámeèku, rozhraní SAS 12 Gb/s, otáèky 10 000 RPM.";https://www.czc.cz/dell-server-disk-2-5-ve-3-5-2-4tb-pro-r240-r340-r440-r540-r740-r250-r350-r450-r550/327584/produkt
"WD Ultrastar DC HC530, 3,5"" - 14TB";12019,00;14000,00;858,50;Kvalitní pevnı disk pro vyuití v datovıch centrech, velikost 3,5“, kapacita 14 TB, rozhraní SAS 12 Gb/s, vyrovnávací pamì 512 MB, pokroèilé formátování 512e, MTBF 2,5 milionu hodin, self-encrypting drive.;https://www.czc.cz/wd-ultrastar-dc-hc530-3-5-14tb/263930/produkt
Seagate Exos X16 10TB SAS;7485,00;10000,00;748,50;"Interní HDD / Kapacita 10000 GB / 7 200 otáèek / Cache 256 MB / Specifikace AHCI / Formát Klasickı - 3.5"" Interní / Rozhraní SAS III (12 Gbit/s) / Advanced Format, JBOD, NCQ, RAID, RoHS / Kov / MTBF 2500000 hodin / Záruka 60 mìsícù";https://www.mironet.cz/seagate-exos-x16-10tb-sas-hdd-35quot-sas-iii-7-200-rpm-256mb-cache-5y+dp477931/
Rozbaleno - Seagate Exos X16 14TB SAS;6499,00;14000,00;464,21;"Interní HDD / Kapacita 14000 GB / 7 200 otáèek / Cache 256 MB / Specifikace AHCI / Formát Klasickı - 3.5"" Interní / Rozhraní SAS III (12 Gbit/s) / Advanced Format, JBOD, NCQ, RAID, RoHS / Kov / Záruka 60 mìsícù";https://www.mironet.cz/rozbaleno-seagate-exos-x16-14tb-sas-hdd-35quot-sas-12gbs-7-200-rpm-256mb-cache-5y-rozbaleno+dp476925/
HP Enterprise 600GB;2042,00;600,00;3403,33;"Interní HDD / Kapacita 600 GB / 15 000 otáèek / Specifikace SCSI / Formát Klasickı - 3.5"" Interní / Rozhraní SAS II (6 Gbit/s) / Kov / Záruka 12 mìsícù";https://www.mironet.cz/hp-enterprise-600gb-35quot-15-000-rpm-6gbs-sas-hotswap-interni-refurbished+dp362339/
"Dell server disk, 3.5"" - 8TB pro R230, R330, R430, R530, R730, R730xd, T330, T430, T630";13047,00;8000,00;1630,88;"HDD urèenı pro vybrané servery Dell PowerEdge, kapacita 8 TB, formát 3,5"", rozhraní SAS 12 Gb/s, rychlost 7200 RPM.";https://www.czc.cz/dell-server-disk-3-5-8tb-pro-r230-r330-r430-r530-r730-r730xd-t330-t430-t630/331837/produkt
"Dell server disk, 3,5"" - 2TB pro PowerEdge R/T 230/ 330/ 430/ 530/ 630/ 730(xd)";6335,00;2000,00;3167,50;"Magnetickı disk urèenı pro vybrané servery DELL PowerEdge R a T. Nabízí kapacitu 2 TB a má velikost 3.5"". K pøipojení se serverem vyuívá rozhraní SAS 12 Gb/s. Dosahuje pøenosovıch rychlostí a 1,2 GB/s. Monost vımìny disku za chodu serveru (hot-swap). Provoz 24x7. Kompatibilní zaøízení: PowerEdge R/T 230, 330, 430, 530, 630, 730(xd).";https://www.czc.cz/dell-server-disk-3-5-2tb/231131/produkt
"WD Ultrastar DC HC510, 3,5"" - 10TB";15540,00;10000,00;1554,00;Kvalitní pevnı disk pro vyuití v datovıch centrech, velikost 3,5“, kapacita 10 TB, rozhraní SAS 12 Gb/s, vyrovnávací pamì 256 MB, pokroèilé formátování 512e, MTBF 2,5 milionu hodin, self-encrypting drive.;https://www.czc.cz/wd-ultrastar-dc-hc510-3-5-10tb/263927/produkt
DELL server 2TB;8337,00;2000,00;4168,50;"Interní HDD / Kapacita 2000 GB / 7 200 otáèek / Formát Klasickı - 3.5"" Interní / Rozhraní SAS III (12 Gbit/s) / Kov / Záruka 24 mìsícù";https://www.mironet.cz/dell-server-2tb-hdd-35quot-sas-7-200-rpm-2y+dp330950/
"Seagate Exos 7E8, 3,5"" - 2TB";4202,00;2000,00;2101,00;Vıkonnı disk podnikové úrovnì pro 24/7 provoz, velikost 3,5“, kapacita 2 TB, rozhraní SAS 12 Gb/s, 7 200 ot./min., pokroèilé formátování 512e/4kn, vyrovnávací pamì 256 MB.;https://www.czc.cz/seagate-exos-7e8-3-5-2tb_4/280115/produkt
HP Enterprise 450GB;793,00;450,00;1762,22;"Interní HDD / Kapacita 450 GB / 15 000 otáèek / Specifikace SCSI / Formát Klasickı - 3.5"" Interní / Rozhraní SAS I (3 Gbit/s) / Kov / Záruka 12 mìsícù";https://www.mironet.cz/hp-enterprise-450gb-35quot-15-000-rpm-3gbs-sas-hotswap-interni-refurbished+dp487424/
"WD Ultrastar DC HC310, 3,5"" - 6TB";8728,00;6000,00;1454,67;Kvalitní pevnı disk pro vyuití v datovıch centrech, velikost 3,5“, kapacita 6 TB, rozhraní SAS 12 Gb/s, vyrovnávací pamì 256 MB, pokroèilé formátování 512e, MTBF 2 miliony hodin.;https://www.czc.cz/wd-ultrastar-dc-hc310-3-5-6tb/263922/produkt
"Seagate Exos X20, 3,5"" - 18TB";11765,00;18000,00;653,61;Pevnı disk podnikové úrovnì nejen pro cloudová úloištì, velikost 3,5“, kapacita 18 TB, rozhraní SAS 12 Gb/s, 7 200 ot./min., rychlost pøenosu dat a 285 MB/s, vyrovnávací pamì 256 MB, pokroèilé formátování 512e/4kN.;https://www.czc.cz/seagate-exos-x20-3-5-18tb/334492/produkt
Seagate Exos 15E900 300GB;5423,00;300,00;18076,67;"Interní HDD / Kapacita 300 GB / 15 000 otáèek / Cache 256 MB / Formát Klasickı - 3.5"" Interní / Rozhraní SAS III (12 Gbit/s) / Advanced Format, RAID / Kov / Záruka 60 mìsícù";https://www.mironet.cz/seagate-exos-15e900-300gb-hdd-35quot-sas-12gbs-512e-15-000-rpm-256mb-cache-5y+dp508823/
"Seagate Exos X18, 3,5"" - 16TB";19999,00;16000,00;1249,94;Vıkonnı disk podnikové úrovnì nejen pro cloudová úloištì, velikost 3,5“, kapacita 16 TB, rozhraní SATA 6 Gb/s (Dual), 7 200 ot./min., rychlost pøenosu dat a 261 MB/s, vyrovnávací pamì 256 MB, pokroèilé formátování 512e/4kN.;https://www.czc.cz/seagate-exos-x18-3-5-16tb/299850/produkt
HP Enterprise 450GB;832,00;450,00;1848,89;"Interní HDD / Kapacita 450 GB / 15 000 otáèek / Specifikace SCSI / Formát Klasickı - 3.5"" Interní / Rozhraní SAS I (3 Gbit/s) / Kov / Záruka 12 mìsícù";https://www.mironet.cz/hp-enterprise-450gb-35quot-15-000-rpm-3gbs-sas-hotswap-interni-refurbished+dp362350/
Synology HAS5300-8T 8TB;8917,00;8000,00;1114,62;"Interní HDD / Kapacita 8000 GB / 7 200 otáèek / Cache 256 MB / Formát Klasickı - 3.5"" Interní / Rozhraní SAS III (12 Gbit/s) / Kov / MTBF 2500000 hodin / Záruka 60 mìsícù";https://www.mironet.cz/synology-has53008t-8tb-hdd-35quot-sas-12-gbs-7-200-rpm-256-mb-cache-5y+dp518000/
Seagate Exos 7E8 Enterprise 6TB 512e4KN/ HDD;5833,00;6000,00;972,17;"Interní HDD / Kapacita 6000 GB / 7 200 otáèek / Cache 256 MB / Formát Klasickı - 3.5"" Interní / Rozhraní SAS III (12 Gbit/s) / MTBF 2000000 hodin / Záruka 60 mìsícù";https://www.mironet.cz/seagate-exos-7e8-enterprise-6tb-512e4kn-hdd-35quot-sas-12gbs-7-200-rpm-256mb-cache-5y+dp442187/
"Seagate Exos Enterprise 7E8, 3,5"" - 6TB";5019,00;6000,00;836,50;Vıkonnı disk podnikové úrovnì pro 24/7 provoz, velikost 3,5“, kapacita 6 TB, rozhraní SAS 12 Gb/s, 7 200 ot./min., pokroèilé formátování 512e a 4kN, vyrovnávací pamì 256 MB.;https://www.czc.cz/seagate-exos-enterprise-7e8-3-5-6tb_2/282094b1/produkt
"Dell server disk, 2,5"" ve 3,5"" - 900GB pro PE R340, R440, R540, R640, R740(xd)";8583,00;900,00;9536,67;"HDD urèenı pro vybrané servery Dell PowerEdge a PowerVault, kapacita 900 GB, formát 2,5"" ve 3,5"" rámeèku, rozhraní SAS 12 Gb/s, rychlost 15 000 RPM.";https://www.czc.cz/dell-server-disk-2-5-ve-3-5-900gb-pro-pe-r340-r440-r540-r640-r740-xd/338776/produkt
"Lenovo TS server disk, 3,5"" - 2TB";7917,00;2000,00;3958,50;"Magnetickı disk urèenı pro vybrané servery Lenovo ThinkSystem, kapacita 2 TB, velikost 3.5"", rozhraní SAS 12 Gb/s, rychlost a 7 200 ot./min., hot-swap, provoz 24x7.";https://www.czc.cz/lenovo-ts-server-disk-3-5-2tb/240337/produkt
Seagate Exos 7E8 512n HDD 4TB;4587,00;4000,00;1146,75;"Interní HDD / Kapacita 4000 GB / 7 200 otáèek / Cache 256 MB / Specifikace SCSI / Formát Klasickı - 3.5"" Interní / Rozhraní SAS III (12 Gbit/s) / Advanced Format, JBOD, NCQ, RAID, RoHS / Kov / MTBF 2000000 hodin / Záruka 60 mìsícù";https://www.mironet.cz/seagate-exos-7e8-512n-hdd-4tb-interni-35quot-sas-iii-256mb-cache-7200rpm-5y+dp450707/
"HPE server disk 2TB/SAS/7.2K/3.5""/LFF";7772,00;2000,00;3886,00;"Kvalitní serverovı disk, pro servery HPE, kapacita 2 TB, rozhraní SAS 12Gb/s, formát 3,5"" (LFF), rychlost 7200 ot./min., digitálnì podepsanı firmware";https://www.czc.cz/hpe-server-disk-2tb-sas-7-2k-3-5-lff/296095/produkt
